Iteration,pad_gap,pad_width,pad_height,cap_matrix,fQ,EC,EJ,alpha,dispersion,gbus,chi_in_MHz,cap_matrix_all_passes,lom_all_passes,is_converged,passes
0,30 um,300 um,90 um,"                                    coupler_long_pad_connector_pad_q0  ...  resonator_pad_connector_pad_q0
coupler_long_pad_connector_pad_q0                            50.62964  ...                        -0.21119
coupler_short_pad_connector_pad_q0                           -0.20779  ...                        -0.48086
ground_main_plane                                           -40.05534  ...                       -58.47967
pad_bot_q0                                                   -8.33942  ...                        -1.45903
pad_top_q0                                                   -1.12367  ...                        -7.63578
resonator_pad_connector_pad_q0                               -0.21119  ...                        69.09571

[6 rows x 6 columns]",6.330998493855015,422.5090097929962,13.616300010297985,-508.6351809912526,472.14540640830995,[-59.22897146  63.27572566 -52.42715612],[-4.55054507 69.2431442  56.50226757],"{1: array([[ 3.9007630e-14, -1.4287000e-16, -2.9737330e-14, -7.5691800e-15,
        -8.4730000e-16, -1.8768000e-16],
       [-1.4287000e-16,  4.0941580e-14, -3.2550020e-14, -7.8785000e-16,
        -6.5084400e-15, -3.2639000e-16],
       [-2.9737330e-14, -3.2550020e-14,  2.3444658e-13, -2.8480460e-14,
        -2.5384900e-14, -4.2498440e-14],
       [-7.5691800e-15, -7.8785000e-16, -2.8480460e-14,  5.7959470e-14,
        -1.8392160e-14, -1.3307200e-15],
       [-8.4730000e-16, -6.5084400e-15, -2.5384900e-14, -1.8392160e-14,
         5.8808500e-14, -6.3769300e-15],
       [-1.8768000e-16, -3.2639000e-16, -4.2498440e-14, -1.3307200e-15,
        -6.3769300e-15,  5.1317680e-14]]), 2: array([[ 4.2460870e-14, -2.1116000e-16, -3.2943080e-14, -7.5524300e-15,
        -9.3675000e-16, -2.1269000e-16],
       [-2.1116000e-16,  4.5093220e-14, -3.5435350e-14, -1.3602000e-15,
        -6.8880700e-15, -5.0016000e-16],
       [-3.2943080e-14, -3.5435350e-14,  2.4803782e-13, -2.9422670e-14,
        -2.6633220e-14, -4.8235780e-14],
       [-7.5524300e-15, -1.3602000e-15, -2.9422670e-14,  5.9440010e-14,
        -1.8211480e-14, -1.3389800e-15],
       [-9.3675000e-16, -6.8880700e-15, -2.6633220e-14, -1.8211480e-14,
         6.1009780e-14, -6.8624800e-15],
       [-2.1269000e-16, -5.0016000e-16, -4.8235780e-14, -1.3389800e-15,
        -6.8624800e-15,  5.7882580e-14]]), 3: array([[ 4.5475320e-14, -2.1178000e-16, -3.5663760e-14, -7.6207000e-15,
        -1.0871000e-15, -2.1667000e-16],
       [-2.1178000e-16,  4.6912310e-14, -3.7022520e-14, -1.3832600e-15,
        -7.0451000e-15, -4.7638000e-16],
       [-3.5663760e-14, -3.7022520e-14,  2.4879513e-13, -2.9296320e-14,
        -2.6946110e-14, -5.0862340e-14],
       [-7.6207000e-15, -1.3832600e-15, -2.9296320e-14,  6.1273930e-14,
        -1.9851270e-14, -1.3982900e-15],
       [-1.0871000e-15, -7.0451000e-15, -2.6946110e-14, -1.9851270e-14,
         6.3658560e-14, -7.0657300e-15],
       [-2.1667000e-16, -4.7638000e-16, -5.0862340e-14, -1.3982900e-15,
        -7.0657300e-15,  6.0825630e-14]]), 4: array([[ 4.6216830e-14, -2.1105000e-16, -3.6223610e-14, -7.7912700e-15,
        -1.0976900e-15, -2.1394000e-16],
       [-2.1105000e-16,  4.7783990e-14, -3.7791630e-14, -1.4143700e-15,
        -7.1147300e-15, -4.7135000e-16],
       [-3.6223610e-14, -3.7791630e-14,  2.5187553e-13, -2.9850850e-14,
        -2.6938220e-14, -5.2048790e-14],
       [-7.7912700e-15, -1.4143700e-15, -2.9850850e-14,  6.2373790e-14,
        -2.0101490e-14, -1.4449800e-15],
       [-1.0976900e-15, -7.1147300e-15, -2.6938220e-14, -2.0101490e-14,
         6.4061060e-14, -7.1272200e-15],
       [-2.1394000e-16, -4.7135000e-16, -5.2048790e-14, -1.4449800e-15,
        -7.1272200e-15,  6.2122150e-14]]), 5: array([[ 4.7223410e-14, -2.0762000e-16, -3.7077300e-14, -7.9299200e-15,
        -1.1142300e-15, -2.1260000e-16],
       [-2.0762000e-16,  4.8945680e-14, -3.8885100e-14, -1.4090300e-15,
        -7.1966700e-15, -4.6931000e-16],
       [-3.7077300e-14, -3.8885100e-14,  2.5547057e-13, -2.9848320e-14,
        -2.7326370e-14, -5.3325650e-14],
       [-7.9299200e-15, -1.4090300e-15, -2.9848320e-14,  6.3115080e-14,
        -2.0746530e-14, -1.4049600e-15],
       [-1.1142300e-15, -7.1966700e-15, -2.7326370e-14, -2.0746530e-14,
         6.5317180e-14, -7.2277500e-15],
       [-2.1260000e-16, -4.6931000e-16, -5.3325650e-14, -1.4049600e-15,
        -7.2277500e-15,  6.3454890e-14]]), 6: array([[ 4.7851770e-14, -2.0851000e-16, -3.7588020e-14, -8.0403600e-15,
        -1.1169200e-15, -2.1132000e-16],
       [-2.0851000e-16,  4.9853650e-14, -3.9620750e-14, -1.4234100e-15,
        -7.3397100e-15, -4.7304000e-16],
       [-3.7588020e-14, -3.9620750e-14,  2.5821399e-13, -3.0195570e-14,
        -2.7366240e-14, -5.4564130e-14],
       [-8.0403600e-15, -1.4234100e-15, -3.0195570e-14,  6.4113230e-14,
        -2.1215160e-14, -1.4325500e-15],
       [-1.1169200e-15, -7.3397100e-15, -2.7366240e-14, -2.1215160e-14,
         6.6118220e-14, -7.3564700e-15],
       [-2.1132000e-16, -4.7304000e-16, -5.4564130e-14, -1.4325500e-15,
        -7.3564700e-15,  6.4856390e-14]]), 7: array([[ 4.8400340e-14, -2.0660000e-16, -3.8088760e-14, -8.0969200e-15,
        -1.1131500e-15, -2.1043000e-16],
       [-2.0660000e-16,  5.0423090e-14, -4.0169390e-14, -1.4293600e-15,
        -7.3622700e-15, -4.7101000e-16],
       [-3.8088760e-14, -4.0169390e-14,  2.6058304e-13, -3.0362760e-14,
        -2.7410810e-14, -5.5618400e-14],
       [-8.0969200e-15, -1.4293600e-15, -3.0362760e-14,  6.4623580e-14,
        -2.1484240e-14, -1.4372800e-15],
       [-1.1131500e-15, -7.3622700e-15, -2.7410810e-14, -2.1484240e-14,
         6.6479300e-14, -7.3859100e-15],
       [-2.1043000e-16, -4.7101000e-16, -5.5618400e-14, -1.4372800e-15,
        -7.3859100e-15,  6.5941730e-14]]), 8: array([[ 4.9060330e-14, -2.0597000e-16, -3.8688390e-14, -8.1558800e-15,
        -1.1164300e-15, -2.0962000e-16],
       [-2.0597000e-16,  5.1062600e-14, -4.0736960e-14, -1.4279300e-15,
        -7.4345300e-15, -4.7286000e-16],
       [-3.8688390e-14, -4.0736960e-14,  2.6287852e-13, -3.0466940e-14,
        -2.7514450e-14, -5.6488160e-14],
       [-8.1558800e-15, -1.4279300e-15, -3.0466940e-14,  6.5169480e-14,
        -2.1860400e-14, -1.4411600e-15],
       [-1.1164300e-15, -7.4345300e-15, -2.7514450e-14, -2.1860400e-14,
         6.7113820e-14, -7.4602000e-15],
       [-2.0962000e-16, -4.7286000e-16, -5.6488160e-14, -1.4411600e-15,
        -7.4602000e-15,  6.6889400e-14]]), 9: array([[ 4.9569140e-14, -2.0766000e-16, -3.9117860e-14, -8.2224600e-15,
        -1.1206800e-15, -2.1087000e-16],
       [-2.0766000e-16,  5.1696190e-14, -4.1266830e-14, -1.4395800e-15,
        -7.5120100e-15, -4.7751000e-16],
       [-3.9117860e-14, -4.1266830e-14,  2.6437257e-13, -3.0558600e-14,
        -2.7486800e-14, -5.7023490e-14],
       [-8.2224600e-15, -1.4395800e-15, -3.0558600e-14,  6.5497840e-14,
        -2.1998670e-14, -1.4483300e-15],
       [-1.1206800e-15, -7.5120100e-15, -2.7486800e-14, -2.1998670e-14,
         6.7381230e-14, -7.5275700e-15],
       [-2.1087000e-16, -4.7751000e-16, -5.7023490e-14, -1.4483300e-15,
        -7.5275700e-15,  6.7510690e-14]]), 10: array([[ 5.0069370e-14, -2.0708000e-16, -3.9564230e-14, -8.2758800e-15,
        -1.1217200e-15, -2.1016000e-16],
       [-2.0708000e-16,  5.2125700e-14, -4.1673770e-14, -1.4382400e-15,
        -7.5364000e-15, -4.7616000e-16],
       [-3.9564230e-14, -4.1673770e-14,  2.6590137e-13, -3.0634810e-14,
        -2.7559520e-14, -5.7574690e-14],
       [-8.2758800e-15, -1.4382400e-15, -3.0634810e-14,  6.5835780e-14,
        -2.2200520e-14, -1.4495600e-15],
       [-1.1217200e-15, -7.5364000e-15, -2.7559520e-14, -2.2200520e-14,
         6.7711220e-14, -7.5496700e-15],
       [-2.1016000e-16, -4.7616000e-16, -5.7574690e-14, -1.4495600e-15,
        -7.5496700e-15,  6.8085160e-14]]), 11: array([[ 5.0397410e-14, -2.0688000e-16, -3.9861820e-14, -8.3074300e-15,
        -1.1210100e-15, -2.1020000e-16],
       [-2.0688000e-16,  5.2409810e-14, -4.1923470e-14, -1.4402000e-15,
        -7.5667400e-15, -4.7776000e-16],
       [-3.9861820e-14, -4.1923470e-14,  2.6712711e-13, -3.0689670e-14,
        -2.7559360e-14, -5.8180500e-14],
       [-8.3074300e-15, -1.4402000e-15, -3.0689670e-14,  6.6015790e-14,
        -2.2285370e-14, -1.4530800e-15],
       [-1.1210100e-15, -7.5667400e-15, -2.7559360e-14, -2.2285370e-14,
         6.7859670e-14, -7.5823500e-15],
       [-2.1020000e-16, -4.7776000e-16, -5.8180500e-14, -1.4530800e-15,
        -7.5823500e-15,  6.8730790e-14]]), 12: array([[ 5.0629640e-14, -2.0779000e-16, -4.0055340e-14, -8.3394200e-15,
        -1.1236700e-15, -2.1119000e-16],
       [-2.0779000e-16,  5.2752300e-14, -4.2207050e-14, -1.4447400e-15,
        -7.6148100e-15, -4.8086000e-16],
       [-4.0055340e-14, -4.2207050e-14,  2.6793652e-13, -3.0715830e-14,
        -2.7565540e-14, -5.8479670e-14],
       [-8.3394200e-15, -1.4447400e-15, -3.0715830e-14,  6.6183170e-14,
        -2.2382430e-14, -1.4590300e-15],
       [-1.1236700e-15, -7.6148100e-15, -2.7565540e-14, -2.2382430e-14,
         6.8067520e-14, -7.6357800e-15],
       [-2.1119000e-16, -4.8086000e-16, -5.8479670e-14, -1.4590300e-15,
        -7.6357800e-15,  6.9095710e-14]])}","          fQ          EC       EJ  ...                                         chi_in_MHz     χr MHz     gr MHz
1   6.762656  487.783725  13.6163  ...  [-18.382614201212316, -40.91429104455048, 179....  18.382614  55.155201
2   6.705695  478.846947  13.6163  ...  [-15.657342244922205, -57.02413330989792, 77.7...  15.657342  58.777766
3   6.570244  457.993716  13.6163  ...  [-8.656940794676196, -582.7413104379989, 41.40...   8.656941  57.326205
4   6.535373  452.715125  13.6163  ...  [-7.783260618988194, 533.4080777899838, 40.146...   7.783261  57.674253
5   6.479398  444.318482  13.6163  ...  [-6.533242067487606, 148.7488698864389, 38.439...   6.533242  57.741333
6   6.433797  437.547105  13.6163  ...  [-5.810047802942163, 100.13718474234686, 40.69...   5.810048  58.245353
7   6.410349  434.089438  13.6163  ...  [-5.443481448109497, 87.71005049004299, 42.088...   5.443481  58.278053
8    6.37885   429.47015  13.6163  ...  [-5.013014676638356, 76.9738212698621, 45.5081...   5.013015  58.389735
9   6.364983  427.445882  13.6163  ...  [-4.902520316128442, 74.20447523670619, 48.308...   4.902520  58.820508
10  6.347942  424.966085  13.6163  ...  [-4.679671122667851, 71.2348218202086, 51.5042...   4.679671  58.766842
11  6.340016  423.815724  13.6163  ...  [-4.61427437068051, 70.21318400218081, 53.6545...   4.614274  58.956344
12  6.330998   422.50901  13.6163  ...  [-4.550545069740193, 69.24314419502393, 56.502...   4.550545  59.228971

[12 rows x 9 columns]",True,12
1,30 um,350 um,90 um,"                                    coupler_long_pad_connector_pad_q0  ...  resonator_pad_connector_pad_q0
coupler_long_pad_connector_pad_q0                            50.76775  ...                        -0.17529
coupler_short_pad_connector_pad_q0                           -0.17208  ...                        -0.29956
ground_main_plane                                           -39.89169  ...                       -57.08547
pad_bot_q0                                                   -8.65694  ...                        -1.38438
pad_top_q0                                                   -1.19179  ...                        -7.58720
resonator_pad_connector_pad_q0                               -0.17529  ...                        67.28004

[6 rows x 6 columns]",5.974392757745257,372.7313080539629,13.616300010297985,-441.8378955849153,175.05005223178864,[-54.23332279  58.95191868 -48.02847044],[  -1.7429451  -256.58604461  -13.5512531 ],"{1: array([[ 3.8980430e-14, -1.0411000e-16, -2.9387850e-14, -7.9155000e-15,
        -9.1381000e-16, -1.4846000e-16],
       [-1.0411000e-16,  3.9109870e-14, -3.1242160e-14, -6.2693000e-16,
        -6.4102000e-15, -1.6402000e-16],
       [-2.9387850e-14, -3.1242160e-14,  2.3883126e-13, -3.2308070e-14,
        -2.9164850e-14, -4.1111540e-14],
       [-7.9155000e-15, -6.2693000e-16, -3.2308070e-14,  6.5382210e-14,
        -2.1743910e-14, -1.2311100e-15],
       [-9.1381000e-16, -6.4102000e-15, -2.9164850e-14, -2.1743910e-14,
         6.5939000e-14, -6.2369700e-15],
       [-1.4846000e-16, -1.6402000e-16, -4.1111540e-14, -1.2311100e-15,
        -6.2369700e-15,  4.9426610e-14]]), 2: array([[ 4.3383800e-14, -1.7694000e-16, -3.3554150e-14, -7.8728000e-15,
        -9.9744000e-16, -1.9001000e-16],
       [-1.7694000e-16,  4.3248450e-14, -3.3991820e-14, -1.2795700e-15,
        -6.8527100e-15, -3.2682000e-16],
       [-3.3554150e-14, -3.3991820e-14,  2.4900986e-13, -3.3243740e-14,
        -3.0422640e-14, -4.2490780e-14],
       [-7.8728000e-15, -1.2795700e-15, -3.3243740e-14,  6.6928620e-14,
        -2.1463130e-14, -1.3612800e-15],
       [-9.9744000e-16, -6.8527100e-15, -3.0422640e-14, -2.1463130e-14,
         6.8372840e-14, -6.9900700e-15],
       [-1.9001000e-16, -3.2682000e-16, -4.2490780e-14, -1.3612800e-15,
        -6.9900700e-15,  5.2030910e-14]]), 3: array([[ 4.5222560e-14, -1.7583000e-16, -3.5192960e-14, -7.8733500e-15,
        -1.1341700e-15, -1.8200000e-16],
       [-1.7583000e-16,  4.5111010e-14, -3.5577140e-14, -1.3383500e-15,
        -7.0267700e-15, -3.0099000e-16],
       [-3.5192960e-14, -3.5577140e-14,  2.5080946e-13, -3.3377970e-14,
        -3.0790760e-14, -4.7113770e-14],
       [-7.8733500e-15, -1.3383500e-15, -3.3377970e-14,  6.8822600e-14,
        -2.2945630e-14, -1.3708800e-15],
       [-1.1341700e-15, -7.0267700e-15, -3.0790760e-14, -2.2945630e-14,
         7.0847320e-14, -7.0840400e-15],
       [-1.8200000e-16, -3.0099000e-16, -4.7113770e-14, -1.3708800e-15,
        -7.0840400e-15,  5.6787570e-14]]), 4: array([[ 4.7209660e-14, -1.7300000e-16, -3.6725640e-14, -8.2776300e-15,
        -1.1829700e-15, -1.7604000e-16],
       [-1.7300000e-16,  4.6668920e-14, -3.7088340e-14, -1.3414600e-15,
        -7.0730900e-15, -2.9035000e-16],
       [-3.6725640e-14, -3.7088340e-14,  2.5737189e-13, -3.4158160e-14,
        -3.1341330e-14, -4.9431090e-14],
       [-8.2776300e-15, -1.3414600e-15, -3.4158160e-14,  7.1658590e-14,
        -2.4528680e-14, -1.3572300e-15],
       [-1.1829700e-15, -7.0730900e-15, -3.1341330e-14, -2.4528680e-14,
         7.3152380e-14, -7.0961900e-15],
       [-1.7604000e-16, -2.9035000e-16, -4.9431090e-14, -1.3572300e-15,
        -7.0961900e-15,  5.9085050e-14]]), 5: array([[ 4.7878090e-14, -1.7247000e-16, -3.7315930e-14, -8.3543000e-15,
        -1.1848700e-15, -1.7606000e-16],
       [-1.7247000e-16,  4.7818340e-14, -3.8044960e-14, -1.3472900e-15,
        -7.2505800e-15, -2.9661000e-16],
       [-3.7315930e-14, -3.8044960e-14,  2.6149149e-13, -3.4292920e-14,
        -3.1488570e-14, -5.1693210e-14],
       [-8.3543000e-15, -1.3472900e-15, -3.4292920e-14,  7.2393680e-14,
        -2.5027670e-14, -1.3654600e-15],
       [-1.1848700e-15, -7.2505800e-15, -3.1488570e-14, -2.5027670e-14,
         7.4185690e-14, -7.2905300e-15],
       [-1.7606000e-16, -2.9661000e-16, -5.1693210e-14, -1.3654600e-15,
        -7.2905300e-15,  6.1564170e-14]]), 6: array([[ 4.8721990e-14, -1.7073000e-16, -3.8126730e-14, -8.3952900e-15,
        -1.1831100e-15, -1.7446000e-16],
       [-1.7073000e-16,  4.8611870e-14, -3.8767680e-14, -1.3478900e-15,
        -7.3288400e-15, -2.9419000e-16],
       [-3.8126730e-14, -3.8767680e-14,  2.6540872e-13, -3.4473010e-14,
        -3.1647100e-14, -5.3660950e-14],
       [-8.3952900e-15, -1.3478900e-15, -3.4473010e-14,  7.3168240e-14,
        -2.5572560e-14, -1.3678000e-15],
       [-1.1831100e-15, -7.3288400e-15, -3.1647100e-14, -2.5572560e-14,
         7.5049730e-14, -7.3708300e-15],
       [-1.7446000e-16, -2.9419000e-16, -5.3660950e-14, -1.3678000e-15,
        -7.3708300e-15,  6.3606980e-14]]), 7: array([[ 4.9226630e-14, -1.7121000e-16, -3.8547420e-14, -8.4759700e-15,
        -1.1842400e-15, -1.7437000e-16],
       [-1.7121000e-16,  4.9337090e-14, -3.9398790e-14, -1.3570300e-15,
        -7.4053100e-15, -2.9724000e-16],
       [-3.8547420e-14, -3.9398790e-14,  2.6794927e-13, -3.4657810e-14,
        -3.1657790e-14, -5.4969250e-14],
       [-8.4759700e-15, -1.3570300e-15, -3.4657810e-14,  7.3621580e-14,
        -2.5734590e-14, -1.3723200e-15],
       [-1.1842400e-15, -7.4053100e-15, -3.1657790e-14, -2.5734590e-14,
         7.5368550e-14, -7.4327700e-15],
       [-1.7437000e-16, -2.9724000e-16, -5.4969250e-14, -1.3723200e-15,
        -7.4327700e-15,  6.4986050e-14]]), 8: array([[ 4.9737740e-14, -1.7172000e-16, -3.8969500e-14, -8.5550600e-15,
        -1.1895000e-15, -1.7469000e-16],
       [-1.7172000e-16,  4.9853240e-14, -3.9844250e-14, -1.3612200e-15,
        -7.4668300e-15, -2.9740000e-16],
       [-3.8969500e-14, -3.9844250e-14,  2.6940411e-13, -3.4733990e-14,
        -3.1706750e-14, -5.5482760e-14],
       [-8.5550600e-15, -1.3612200e-15, -3.4733990e-14,  7.4120580e-14,
        -2.6060990e-14, -1.3749600e-15],
       [-1.1895000e-15, -7.4668300e-15, -3.1706750e-14, -2.6060990e-14,
         7.5872160e-14, -7.4833300e-15],
       [-1.7469000e-16, -2.9740000e-16, -5.5482760e-14, -1.3749600e-15,
        -7.4833300e-15,  6.5556790e-14]]), 9: array([[ 5.0288060e-14, -1.7102000e-16, -3.9488630e-14, -8.5895000e-15,
        -1.1878300e-15, -1.7464000e-16],
       [-1.7102000e-16,  5.0384140e-14, -4.0356280e-14, -1.3611000e-15,
        -7.4873600e-15, -2.9726000e-16],
       [-3.9488630e-14, -4.0356280e-14,  2.7149523e-13, -3.4842010e-14,
        -3.1741580e-14, -5.6396190e-14],
       [-8.5895000e-15, -1.3611000e-15, -3.4842010e-14,  7.4373720e-14,
        -2.6161000e-14, -1.3806800e-15],
       [-1.1878300e-15, -7.4873600e-15, -3.1741580e-14, -2.6161000e-14,
         7.6065810e-14, -7.5213800e-15],
       [-1.7464000e-16, -2.9726000e-16, -5.6396190e-14, -1.3806800e-15,
        -7.5213800e-15,  6.6515830e-14]]), 10: array([[ 5.0467930e-14, -1.7118000e-16, -3.9648140e-14, -8.6089700e-15,
        -1.1878400e-15, -1.7471000e-16],
       [-1.7118000e-16,  5.0675430e-14, -4.0597560e-14, -1.3644300e-15,
        -7.5307000e-15, -2.9854000e-16],
       [-3.9648140e-14, -4.0597560e-14,  2.7239636e-13, -3.4888750e-14,
        -3.1749160e-14, -5.6831750e-14],
       [-8.6089700e-15, -1.3644300e-15, -3.4888750e-14,  7.4531530e-14,
        -2.6243870e-14, -1.3830600e-15],
       [-1.1878400e-15, -7.5307000e-15, -3.1749160e-14, -2.6243870e-14,
         7.6242130e-14, -7.5616400e-15],
       [-1.7471000e-16, -2.9854000e-16, -5.6831750e-14, -1.3830600e-15,
        -7.5616400e-15,  6.6996780e-14]]), 11: array([[ 5.076775e-14, -1.720800e-16, -3.989169e-14, -8.656940e-15,
        -1.191790e-15, -1.752900e-16],
       [-1.720800e-16,  5.092057e-14, -4.079700e-14, -1.368590e-15,
        -7.567790e-15, -2.995600e-16],
       [-3.989169e-14, -4.079700e-14,  2.731144e-13, -3.491701e-14,
        -3.175586e-14, -5.708547e-14],
       [-8.656940e-15, -1.368590e-15, -3.491701e-14,  7.474169e-14,
        -2.636930e-14, -1.384380e-15],
       [-1.191790e-15, -7.567790e-15, -3.175586e-14, -2.636930e-14,
         7.644315e-14, -7.587200e-15],
       [-1.752900e-16, -2.995600e-16, -5.708547e-14, -1.384380e-15,
        -7.587200e-15,  6.728004e-14]])}","          fQ          EC       EJ  ...                                         chi_in_MHz    χr MHz     gr MHz
1   6.389172   430.98061  13.6163  ...  [-3.770463116476787, 76.23656126705349, 43.582...  3.770463  49.937222
2   6.339539  423.746526  13.6163  ...  [-3.9542289571600437, 63.2248631203308, 45.302...  3.954229  54.610572
3   6.232365  408.372533  13.6163  ...  [-2.9011068647467892, 54.26425169281991, 146.4...  2.901107  53.324759
4   6.111843  391.483213  13.6163  ...  [-2.136513241578539, 79.43586329471117, -40.87...  2.136513  52.289915
5   6.073176  386.153335  13.6163  ...  [-2.03796935855447, 110.5856623476891, -27.244...  2.037969  53.166340
6    6.03547  380.997246  13.6163  ...  [-1.8927217544366122, 206.6409792693574, -19.7...  1.892722  53.231373
7   6.020631  378.979271  13.6163  ...  [-1.865667994654143, 346.4753223766059, -17.95...  1.865668  53.635645
8    5.99845  375.974436  13.6163  ...  [-1.7919819315900598, -4417.504966298007, -15....  1.791982  53.724489
9   5.989802  374.806666  13.6163  ...  [-1.775452133650413, -660.7432088862139, -14.6...  1.775452  53.928132
10  5.983175  373.913274  13.6163  ...  [-1.767003330269158, -395.4609021703362, -14.2...  1.767003  54.146084
11  5.974393  372.731308  13.6163  ...  [-1.7429451001279133, -256.58604460800865, -13...  1.742945  54.233323

[11 rows x 9 columns]",True,11
2,30 um,400 um,90 um,"                                    coupler_long_pad_connector_pad_q0  ...  resonator_pad_connector_pad_q0
coupler_long_pad_connector_pad_q0                            50.84090  ...                        -0.14537
coupler_short_pad_connector_pad_q0                           -0.14224  ...                        -0.19069
ground_main_plane                                           -39.73996  ...                       -55.61032
pad_bot_q0                                                   -8.88926  ...                        -1.28069
pad_top_q0                                                   -1.25381  ...                        -7.43908
resonator_pad_connector_pad_q0                               -0.14537  ...                        65.33598

[6 rows x 6 columns]",5.676340022300884,333.90040947994316,13.616300010297985,-391.0523656787368,69.27261944198608,[-49.66127105  55.04350093 -43.98318443],[ -0.8622173  -10.2616799   -3.16976264],"{1: array([[ 3.8943320e-14, -7.3450000e-17, -2.9079160e-14, -8.1889000e-15,
        -9.8575000e-16, -1.1461000e-16],
       [-7.3450000e-17,  3.7268820e-14, -2.9948970e-14, -4.4024000e-16,
        -6.2299000e-15, -7.6470000e-17],
       [-2.9079160e-14, -2.9948970e-14,  2.4352602e-13, -3.6257310e-14,
        -3.3044680e-14, -3.9755980e-14],
       [-8.1889000e-15, -4.4024000e-16, -3.6257310e-14,  7.2782230e-14,
        -2.5102660e-14, -1.0844700e-15],
       [-9.8575000e-16, -6.2299000e-15, -3.3044680e-14, -2.5102660e-14,
         7.3031340e-14, -6.0309200e-15],
       [-1.1461000e-16, -7.6470000e-17, -3.9755980e-14, -1.0844700e-15,
        -6.0309200e-15,  4.7536170e-14]]), 2: array([[ 4.265707e-14, -1.410200e-16, -3.269039e-14, -8.051580e-15,
        -1.039930e-15, -1.547600e-16],
       [-1.410200e-16,  4.065051e-14, -3.194947e-14, -1.127510e-15,
        -6.668590e-15, -2.093500e-16],
       [-3.269039e-14, -3.194947e-14,  2.532000e-13, -3.729690e-14,
        -3.450596e-14, -4.104721e-14],
       [-8.051580e-15, -1.127510e-15, -3.729690e-14,  7.436788e-14,
        -2.472656e-14, -1.266960e-15],
       [-1.039930e-15, -6.668590e-15, -3.450596e-14, -2.472656e-14,
         7.568565e-14, -6.890670e-15],
       [-1.547600e-16, -2.093500e-16, -4.104721e-14, -1.266960e-15,
        -6.890670e-15,  5.018213e-14]]), 3: array([[ 4.474171e-14, -1.453000e-16, -3.439167e-14, -8.171810e-15,
        -1.219330e-15, -1.516900e-16],
       [-1.453000e-16,  4.297071e-14, -3.390518e-14, -1.236970e-15,
        -6.871300e-15, -1.920700e-16],
       [-3.439167e-14, -3.390518e-14,  2.549284e-13, -3.754049e-14,
        -3.493698e-14, -4.568776e-14],
       [-8.171810e-15, -1.236970e-15, -3.754049e-14,  7.697027e-14,
        -2.662090e-14, -1.277790e-15],
       [-1.219330e-15, -6.871300e-15, -3.493698e-14, -2.662090e-14,
         7.868858e-14, -6.945740e-15],
       [-1.516900e-16, -1.920700e-16, -4.568776e-14, -1.277790e-15,
        -6.945740e-15,  5.492162e-14]]), 4: array([[ 4.7429240e-14, -1.4319000e-16, -3.6690030e-14, -8.5439400e-15,
        -1.2405200e-15, -1.4672000e-16],
       [-1.4319000e-16,  4.4903100e-14, -3.5785020e-14, -1.2483900e-15,
        -6.9113100e-15, -1.8626000e-16],
       [-3.6690030e-14, -3.5785020e-14,  2.6341456e-13, -3.8449270e-14,
        -3.5396130e-14, -4.8711860e-14],
       [-8.5439400e-15, -1.2483900e-15, -3.8449270e-14,  7.9701110e-14,
        -2.7996050e-14, -1.2685400e-15],
       [-1.2405200e-15, -6.9113100e-15, -3.5396130e-14, -2.7996050e-14,
         8.0633680e-14, -6.9440900e-15],
       [-1.4672000e-16, -1.8626000e-16, -4.8711860e-14, -1.2685400e-15,
        -6.9440900e-15,  5.7920610e-14]]), 5: array([[ 4.8103760e-14, -1.4264000e-16, -3.7316990e-14, -8.5823800e-15,
        -1.2490900e-15, -1.4619000e-16],
       [-1.4264000e-16,  4.6118990e-14, -3.6794570e-14, -1.2404700e-15,
        -7.1223800e-15, -1.8877000e-16],
       [-3.7316990e-14, -3.6794570e-14,  2.6735185e-13, -3.8285750e-14,
        -3.5838470e-14, -5.0698910e-14],
       [-8.5823800e-15, -1.2404700e-15, -3.8285750e-14,  8.0300730e-14,
        -2.8741730e-14, -1.2602200e-15],
       [-1.2490900e-15, -7.1223800e-15, -3.5838470e-14, -2.8741730e-14,
         8.2280840e-14, -7.1624800e-15],
       [-1.4619000e-16, -1.8877000e-16, -5.0698910e-14, -1.2602200e-15,
        -7.1624800e-15,  6.0121950e-14]]), 6: array([[ 4.8670540e-14, -1.4119000e-16, -3.7838900e-14, -8.6416500e-15,
        -1.2421100e-15, -1.4445000e-16],
       [-1.4119000e-16,  4.6849650e-14, -3.7459590e-14, -1.2445500e-15,
        -7.1883400e-15, -1.8769000e-16],
       [-3.7838900e-14, -3.7459590e-14,  2.7078608e-13, -3.8691590e-14,
        -3.5955650e-14, -5.2360880e-14],
       [-8.6416500e-15, -1.2445500e-15, -3.8691590e-14,  8.1220060e-14,
        -2.9177070e-14, -1.2625900e-15],
       [-1.2421100e-15, -7.1883400e-15, -3.5955650e-14, -2.9177070e-14,
         8.2949380e-14, -7.2197000e-15],
       [-1.4445000e-16, -1.8769000e-16, -5.2360880e-14, -1.2625900e-15,
        -7.2197000e-15,  6.1837270e-14]]), 7: array([[ 4.9255500e-14, -1.4161000e-16, -3.8358060e-14, -8.6992000e-15,
        -1.2469900e-15, -1.4477000e-16],
       [-1.4161000e-16,  4.7477710e-14, -3.7986560e-14, -1.2520400e-15,
        -7.2771600e-15, -1.8935000e-16],
       [-3.8358060e-14, -3.7986560e-14,  2.7312648e-13, -3.8861140e-14,
        -3.6021430e-14, -5.3428530e-14],
       [-8.6992000e-15, -1.2520400e-15, -3.8861140e-14,  8.1888980e-14,
        -2.9594900e-14, -1.2690900e-15],
       [-1.2469900e-15, -7.2771600e-15, -3.6021430e-14, -2.9594900e-14,
         8.3617960e-14, -7.3030500e-15],
       [-1.4477000e-16, -1.8935000e-16, -5.3428530e-14, -1.2690900e-15,
        -7.3030500e-15,  6.2998890e-14]]), 8: array([[ 4.9826100e-14, -1.4187000e-16, -3.8829440e-14, -8.7917600e-15,
        -1.2505800e-15, -1.4499000e-16],
       [-1.4187000e-16,  4.8016650e-14, -3.8482900e-14, -1.2554700e-15,
        -7.3140400e-15, -1.8942000e-16],
       [-3.8829440e-14, -3.8482900e-14,  2.7496289e-13, -3.9008840e-14,
        -3.6056000e-14, -5.4158820e-14],
       [-8.7917600e-15, -1.2554700e-15, -3.9008840e-14,  8.2407470e-14,
        -2.9855420e-14, -1.2720600e-15],
       [-1.2505800e-15, -7.3140400e-15, -3.6056000e-14, -2.9855420e-14,
         8.3994380e-14, -7.3364000e-15],
       [-1.4499000e-16, -1.8942000e-16, -5.4158820e-14, -1.2720600e-15,
        -7.3364000e-15,  6.3768440e-14]]), 9: array([[ 5.0221410e-14, -1.4138000e-16, -3.9199860e-14, -8.8187200e-15,
        -1.2495700e-15, -1.4488000e-16],
       [-1.4138000e-16,  4.8447670e-14, -3.8892210e-14, -1.2561000e-15,
        -7.3355900e-15, -1.8934000e-16],
       [-3.9199860e-14, -3.8892210e-14,  2.7664725e-13, -3.9120960e-14,
        -3.6115040e-14, -5.4885050e-14],
       [-8.8187200e-15, -1.2561000e-15, -3.9120960e-14,  8.2759020e-14,
        -3.0057380e-14, -1.2770500e-15],
       [-1.2495700e-15, -7.3355900e-15, -3.6115040e-14, -3.0057380e-14,
         8.4314160e-14, -7.3716600e-15],
       [-1.4488000e-16, -1.8934000e-16, -5.4885050e-14, -1.2770500e-15,
        -7.3716600e-15,  6.4536150e-14]]), 10: array([[ 5.0468000e-14, -1.4160000e-16, -3.9423360e-14, -8.8409600e-15,
        -1.2495300e-15, -1.4494000e-16],
       [-1.4160000e-16,  4.8762610e-14, -3.9152730e-14, -1.2599300e-15,
        -7.3835600e-15, -1.9016000e-16],
       [-3.9423360e-14, -3.9152730e-14,  2.7769649e-13, -3.9216690e-14,
        -3.6125140e-14, -5.5331470e-14],
       [-8.8409600e-15, -1.2599300e-15, -3.9216690e-14,  8.2969010e-14,
        -3.0139130e-14, -1.2791400e-15],
       [-1.2495300e-15, -7.3835600e-15, -3.6125140e-14, -3.0139130e-14,
         8.4498990e-14, -7.4153400e-15],
       [-1.4494000e-16, -1.9016000e-16, -5.5331470e-14, -1.2791400e-15,
        -7.4153400e-15,  6.5029960e-14]]), 11: array([[ 5.0840900e-14, -1.4224000e-16, -3.9739960e-14, -8.8892600e-15,
        -1.2538100e-15, -1.4537000e-16],
       [-1.4224000e-16,  4.9051810e-14, -3.9399820e-14, -1.2635100e-15,
        -7.4189400e-15, -1.9069000e-16],
       [-3.9739960e-14, -3.9399820e-14,  2.7857508e-13, -3.9247360e-14,
        -3.6142370e-14, -5.5610320e-14],
       [-8.8892600e-15, -1.2635100e-15, -3.9247360e-14,  8.3201110e-14,
        -3.0284250e-14, -1.2806900e-15],
       [-1.2538100e-15, -7.4189400e-15, -3.6142370e-14, -3.0284250e-14,
         8.4727710e-14, -7.4390800e-15],
       [-1.4537000e-16, -1.9069000e-16, -5.5610320e-14, -1.2806900e-15,
        -7.4390800e-15,  6.5335980e-14]])}","          fQ          EC       EJ  ...                                         chi_in_MHz    χr MHz     gr MHz
1   6.072844  386.107823  13.6163  ...  [-1.4925973152925947, 107.25189201406708, -27....  1.492597  45.515257
2   6.030363  380.302078  13.6163  ...  [-1.6741885252185906, 220.69439967872435, -16....  1.674189  50.319953
3   5.911678  364.353799  13.6163  ...  [-1.2515724936820822, -54.594173347037206, -7....  1.251572  48.757241
4   5.819358  352.223191  13.6163  ...  [-1.0312737702534829, -22.95369294849225, -4.9...  1.031274  48.102301
5   5.774459  346.409878  13.6163  ...  [-0.9760404159799242, -17.132237718915142, -4....  0.976040  48.659555
6   5.745174  342.648292  13.6163  ...  [-0.9365470251244022, -14.343097688188514, -3....  0.936547  48.871270
7   5.719838  339.413135  13.6163  ...  [-0.9073146900897064, -12.497525233696669, -3....  0.907315  49.139947
8    5.70354  337.341572  13.6163  ...  [-0.8870047410460109, -11.620291005687818, -3....  0.887005  49.251644
9   5.691214  335.779656  13.6163  ...  [-0.8722233316582358, -10.928616844121295, -3....  0.872223  49.340755
10  5.684862  334.976378  13.6163  ...  [-0.8723319265047832, -10.61543189332244, -3.2...  0.872332  49.603018
11   5.67634  333.900409  13.6163  ...  [-0.8622172981662916, -10.26167990421765, -3.1...  0.862217  49.661271

[11 rows x 9 columns]",True,11
3,30 um,450 um,90 um,"                                    coupler_long_pad_connector_pad_q0  ...  resonator_pad_connector_pad_q0
coupler_long_pad_connector_pad_q0                            50.85274  ...                        -0.12047
coupler_short_pad_connector_pad_q0                           -0.11724  ...                        -0.12269
ground_main_plane                                           -39.56440  ...                       -54.22621
pad_bot_q0                                                   -9.07514  ...                        -1.15788
pad_top_q0                                                   -1.31190  ...                        -7.19965
resonator_pad_connector_pad_q0                               -0.12047  ...                        63.42315

[6 rows x 6 columns]",5.419113628579981,302.35891457617333,13.616300010297985,-350.61731882334277,28.627949317932128,[-45.37771063  51.48751441 -40.14866681],[-0.48251546 -3.45021956 -1.28790187],"{1: array([[ 3.8900850e-14, -5.0430000e-17, -2.8801950e-14, -8.4085700e-15,
        -1.0614000e-15, -8.5630000e-17],
       [-5.0430000e-17,  3.5405220e-14, -2.8671180e-14, -2.3072000e-16,
        -5.9837700e-15, -3.0520000e-17],
       [-2.8801950e-14, -2.8671180e-14,  2.4862893e-13, -4.0369660e-14,
        -3.7059300e-14, -3.8458470e-14],
       [-8.4085700e-15, -2.3072000e-16, -4.0369660e-14,  8.0198440e-14,
        -2.8444410e-14, -8.9124000e-16],
       [-1.0614000e-15, -5.9837700e-15, -3.7059300e-14, -2.8444410e-14,
         8.0126150e-14, -5.7743600e-15],
       [-8.5630000e-17, -3.0520000e-17, -3.8458470e-14, -8.9124000e-16,
        -5.7743600e-15,  4.5655500e-14]]), 2: array([[ 4.1826910e-14, -1.1350000e-16, -3.1586270e-14, -8.2713800e-15,
        -1.1755700e-15, -1.2183000e-16],
       [-1.1350000e-16,  3.8894490e-14, -3.0778930e-14, -9.8410000e-16,
        -6.4095700e-15, -1.3101000e-16],
       [-3.1586270e-14, -3.0778930e-14,  2.6092934e-13, -4.1802100e-14,
        -3.8946680e-14, -4.2130960e-14],
       [-8.2713800e-15, -9.8410000e-16, -4.1802100e-14,  8.2554260e-14,
        -2.8357500e-14, -1.1119300e-15],
       [-1.1755700e-15, -6.4095700e-15, -3.8946680e-14, -2.8357500e-14,
         8.3446070e-14, -6.5647300e-15],
       [-1.2183000e-16, -1.3101000e-16, -4.2130960e-14, -1.1119300e-15,
        -6.5647300e-15,  5.0578360e-14]]), 3: array([[ 4.502315e-14, -1.190100e-16, -3.451571e-14, -8.368600e-15,
        -1.249970e-15, -1.246400e-16],
       [-1.190100e-16,  4.139723e-14, -3.294983e-14, -1.123120e-15,
        -6.528150e-15, -1.264500e-16],
       [-3.451571e-14, -3.294983e-14,  2.622976e-13, -4.203904e-14,
        -3.944504e-14, -4.510852e-14],
       [-8.368600e-15, -1.123120e-15, -4.203904e-14,  8.512213e-14,
        -3.012888e-14, -1.165330e-15],
       [-1.249970e-15, -6.528150e-15, -3.944504e-14, -3.012888e-14,
         8.624697e-14, -6.602330e-15],
       [-1.246400e-16, -1.264500e-16, -4.510852e-14, -1.165330e-15,
        -6.602330e-15,  5.372186e-14]]), 4: array([[ 4.6961540e-14, -1.1791000e-16, -3.6011010e-14, -8.7395200e-15,
        -1.3115400e-15, -1.2156000e-16],
       [-1.1791000e-16,  4.3606900e-14, -3.4988260e-14, -1.1031700e-15,
        -6.7274400e-15, -1.2043000e-16],
       [-3.6011010e-14, -3.4988260e-14,  2.6974748e-13, -4.2404770e-14,
        -4.0374830e-14, -4.7789760e-14],
       [-8.7395200e-15, -1.1031700e-15, -4.2404770e-14,  8.7253240e-14,
        -3.1526400e-14, -1.1321700e-15],
       [-1.3115400e-15, -6.7274400e-15, -4.0374830e-14, -3.1526400e-14,
         8.9062130e-14, -6.7595000e-15],
       [-1.2156000e-16, -1.2043000e-16, -4.7789760e-14, -1.1321700e-15,
        -6.7595000e-15,  5.6510570e-14]]), 5: array([[ 4.7999000e-14, -1.1738000e-16, -3.7004000e-14, -8.7926800e-15,
        -1.3052500e-15, -1.2098000e-16],
       [-1.1738000e-16,  4.4585030e-14, -3.5796560e-14, -1.1247500e-15,
        -6.8698000e-15, -1.2208000e-16],
       [-3.7004000e-14, -3.5796560e-14,  2.7407173e-13, -4.3166470e-14,
        -4.0449120e-14, -4.9466030e-14],
       [-8.7926800e-15, -1.1247500e-15, -4.3166470e-14,  8.8946060e-14,
        -3.2333730e-14, -1.1483200e-15],
       [-1.3052500e-15, -6.8698000e-15, -4.0449120e-14, -3.2333730e-14,
         9.0236970e-14, -6.9091600e-15],
       [-1.2098000e-16, -1.2208000e-16, -4.9466030e-14, -1.1483200e-15,
        -6.9091600e-15,  5.8357570e-14]]), 6: array([[ 4.8531460e-14, -1.1634000e-16, -3.7521370e-14, -8.8144300e-15,
        -1.3041500e-15, -1.1979000e-16],
       [-1.1634000e-16,  4.5012550e-14, -3.6150540e-14, -1.1203800e-15,
        -6.9518000e-15, -1.2111000e-16],
       [-3.7521370e-14, -3.6150540e-14,  2.7682777e-13, -4.3282130e-14,
        -4.0690420e-14, -5.0912620e-14],
       [-8.8144300e-15, -1.1203800e-15, -4.3282130e-14,  8.9664260e-14,
        -3.2924100e-14, -1.1439200e-15],
       [-1.3041500e-15, -6.9518000e-15, -4.0690420e-14, -3.2924100e-14,
         9.1232360e-14, -6.9863400e-15],
       [-1.1979000e-16, -1.2111000e-16, -5.0912620e-14, -1.1439200e-15,
        -6.9863400e-15,  5.9872070e-14]]), 7: array([[ 4.9233470e-14, -1.1653000e-16, -3.8142840e-14, -8.8917900e-15,
        -1.3046400e-15, -1.1994000e-16],
       [-1.1653000e-16,  4.5607060e-14, -3.6651830e-14, -1.1305400e-15,
        -7.0307600e-15, -1.2177000e-16],
       [-3.8142840e-14, -3.6651830e-14,  2.7933074e-13, -4.3641400e-14,
        -4.0698460e-14, -5.1957700e-14],
       [-8.8917900e-15, -1.1305400e-15, -4.3641400e-14,  9.0591370e-14,
        -3.3376750e-14, -1.1521100e-15],
       [-1.3046400e-15, -7.0307600e-15, -4.0698460e-14, -3.3376750e-14,
         9.1854550e-14, -7.0596000e-15],
       [-1.1994000e-16, -1.2177000e-16, -5.1957700e-14, -1.1521100e-15,
        -7.0596000e-15,  6.1002790e-14]]), 8: array([[ 4.9784900e-14, -1.1689000e-16, -3.8608200e-14, -8.9696200e-15,
        -1.3095900e-15, -1.2012000e-16],
       [-1.1689000e-16,  4.6259230e-14, -3.7258160e-14, -1.1308800e-15,
        -7.0727200e-15, -1.2221000e-16],
       [-3.8608200e-14, -3.7258160e-14,  2.8123947e-13, -4.3649490e-14,
        -4.0773670e-14, -5.2755480e-14],
       [-8.9696200e-15, -1.1308800e-15, -4.3649490e-14,  9.0947410e-14,
        -3.3641550e-14, -1.1508100e-15],
       [-1.3095900e-15, -7.0727200e-15, -4.0773670e-14, -3.3641550e-14,
         9.2292710e-14, -7.1002400e-15],
       [-1.2012000e-16, -1.2221000e-16, -5.2755480e-14, -1.1508100e-15,
        -7.1002400e-15,  6.1842480e-14]]), 9: array([[ 5.0211870e-14, -1.1654000e-16, -3.9001390e-14, -9.0071200e-15,
        -1.3062600e-15, -1.1995000e-16],
       [-1.1654000e-16,  4.6505330e-14, -3.7479610e-14, -1.1334000e-15,
        -7.0953200e-15, -1.2195000e-16],
       [-3.9001390e-14, -3.7479610e-14,  2.8278288e-13, -4.3871280e-14,
        -4.0767960e-14, -5.3461120e-14],
       [-9.0071200e-15, -1.1334000e-15, -4.3871280e-14,  9.1484660e-14,
        -3.3902840e-14, -1.1557800e-15],
       [-1.3062600e-15, -7.0953200e-15, -4.0767960e-14, -3.3902840e-14,
         9.2598680e-14, -7.1320700e-15],
       [-1.1995000e-16, -1.2195000e-16, -5.3461120e-14, -1.1557800e-15,
        -7.1320700e-15,  6.2585110e-14]]), 10: array([[ 5.0536210e-14, -1.1690000e-16, -3.9299150e-14, -9.0296200e-15,
        -1.3085500e-15, -1.2021000e-16],
       [-1.1690000e-16,  4.6794250e-14, -3.7724640e-14, -1.1356000e-15,
        -7.1351100e-15, -1.2222000e-16],
       [-3.9299150e-14, -3.7724640e-14,  2.8381433e-13, -4.3881600e-14,
        -4.0813720e-14, -5.3877970e-14],
       [-9.0296200e-15, -1.1356000e-15, -4.3881600e-14,  9.1604610e-14,
        -3.3986860e-14, -1.1563300e-15],
       [-1.3085500e-15, -7.1351100e-15, -4.0813720e-14, -3.3986860e-14,
         9.2808730e-14, -7.1679100e-15],
       [-1.2021000e-16, -1.2222000e-16, -5.3877970e-14, -1.1563300e-15,
        -7.1679100e-15,  6.3039430e-14]]), 11: array([[ 5.0852740e-14, -1.1724000e-16, -3.9564400e-14, -9.0751400e-15,
        -1.3119000e-15, -1.2047000e-16],
       [-1.1724000e-16,  4.7190980e-14, -3.8081430e-14, -1.1376000e-15,
        -7.1705000e-15, -1.2269000e-16],
       [-3.9564400e-14, -3.8081430e-14,  2.8484749e-13, -4.3928440e-14,
        -4.0844120e-14, -5.4226210e-14],
       [-9.0751400e-15, -1.1376000e-15, -4.3928440e-14,  9.1828570e-14,
        -3.4110750e-14, -1.1578800e-15],
       [-1.3119000e-15, -7.1705000e-15, -4.0844120e-14, -3.4110750e-14,
         9.3038580e-14, -7.1996500e-15],
       [-1.2047000e-16, -1.2269000e-16, -5.4226210e-14, -1.1578800e-15,
        -7.1996500e-15,  6.3423150e-14]])}","          fQ          EC       EJ  ...                                         chi_in_MHz    χr MHz     gr MHz
1   5.800012  349.711509  13.6163  ...  [-0.7521342405433726, -19.52162340714191, -4.8...  0.752134  41.781117
2   5.738509  341.795543  13.6163  ...  [-0.7930064103380358, -12.380803244754746, -3....  0.793006  45.224715
3   5.642684  329.670763  13.6163  ...  [-0.632279115947022, -7.428363597302124, -2.18...  0.632279  43.708394
4   5.559412  319.339171  13.6163  ...  [-0.5553053068760991, -5.596395299895166, -1.7...  0.555305  43.761071
5   5.512318  313.579932  13.6163  ...  [-0.5329551207377907, -4.609889879158739, -1.5...  0.532955  44.460619
6   5.482494   309.96386  13.6163  ...  [-0.5109679259761608, -4.143425390622055, -1.4...  0.510968  44.533676
7    5.45769  306.974749  13.6163  ...  [-0.49951218954105564, -3.813519772735214, -1....  0.499512  44.862354
8    5.44453  305.395619  13.6163  ...  [-0.4918446929381335, -3.704257987112662, -1.3...  0.491845  44.957214
9   5.430896  303.764505  13.6163  ...  [-0.4850047878471376, -3.538619418010322, -1.3...  0.485005  45.099036
10  5.425983  303.177941  13.6163  ...  [-0.48466634635122485, -3.500171997490214, -1....  0.484666  45.247974
11  5.419114  302.358915  13.6163  ...  [-0.4825154593170089, -3.4502195592900056, -1....  0.482515  45.377711

[11 rows x 9 columns]",True,11
4,30 um,500 um,90 um,"                                    coupler_long_pad_connector_pad_q0  ...  resonator_pad_connector_pad_q0
coupler_long_pad_connector_pad_q0                            50.78775  ...                        -0.09962
coupler_short_pad_connector_pad_q0                           -0.09633  ...                        -0.07891
ground_main_plane                                           -39.35864  ...                       -52.83447
pad_bot_q0                                                   -9.21092  ...                        -1.02292
pad_top_q0                                                   -1.36336  ...                        -6.86827
resonator_pad_connector_pad_q0                               -0.09962  ...                        61.43092

[6 rows x 6 columns]",5.192308801070034,276.02535980726674,13.616300010297985,-317.4048829111441,12.197505021095276,[-41.14203341  48.20689626 -36.39093912],[-0.28713439 -1.63552577 -0.63624946],"{1: array([[ 3.8856140e-14, -3.5010000e-17, -2.8540030e-14, -8.5898700e-15,
        -1.1403100e-15, -6.1840000e-17],
       [-3.5010000e-17,  3.3528520e-14, -2.7429560e-14,  0.0000000e+00,
        -5.6774000e-15, -7.9700000e-18],
       [-2.8540030e-14, -2.7429560e-14,  2.5424251e-13, -4.4703700e-14,
        -4.1263740e-14, -3.7208730e-14],
       [-8.5898700e-15,  0.0000000e+00, -4.4703700e-14,  8.7676910e-14,
        -3.1739770e-14, -6.5200000e-16],
       [-1.1403100e-15, -5.6774000e-15, -4.1263740e-14, -3.1739770e-14,
         8.7259540e-14, -5.4728200e-15],
       [-6.1840000e-17, -7.9700000e-18, -3.7208730e-14, -6.5200000e-16,
        -5.4728200e-15,  4.3763110e-14]]), 2: array([[ 4.1707180e-14, -9.4360000e-17, -3.1479900e-14, -8.3431700e-15,
        -1.1245600e-15, -1.0097000e-16],
       [-9.4360000e-17,  3.7865380e-14, -3.0115070e-14, -9.2038000e-16,
        -6.2235900e-15, -8.3940000e-17],
       [-3.1479900e-14, -3.0115070e-14,  2.6784868e-13, -4.5811420e-14,
        -4.4213880e-14, -4.0799050e-14],
       [-8.3431700e-15, -9.2038000e-16, -4.5811420e-14,  9.0054060e-14,
        -3.1792950e-14, -9.8934000e-16],
       [-1.1245600e-15, -6.2235900e-15, -4.4213880e-14, -3.1792950e-14,
         9.1949860e-14, -6.3774500e-15],
       [-1.0097000e-16, -8.3940000e-17, -4.0799050e-14, -9.8934000e-16,
        -6.3774500e-15,  4.8813170e-14]]), 3: array([[ 4.5012910e-14, -9.7040000e-17, -3.4406370e-14, -8.4705800e-15,
        -1.2947500e-15, -1.0088000e-16],
       [-9.7040000e-17,  3.9911630e-14, -3.1916650e-14, -9.6528000e-16,
        -6.3749800e-15, -7.9150000e-17],
       [-3.4406370e-14, -3.1916650e-14,  2.6950054e-13, -4.6302260e-14,
        -4.4688160e-14, -4.4132170e-14],
       [-8.4705800e-15, -9.6528000e-16, -4.6302260e-14,  9.2473290e-14,
        -3.3290220e-14, -9.9525000e-16],
       [-1.2947500e-15, -6.3749800e-15, -4.4688160e-14, -3.3290220e-14,
         9.4559450e-14, -6.4098000e-15],
       [-1.0088000e-16, -7.9150000e-17, -4.4132170e-14, -9.9525000e-16,
        -6.4098000e-15,  5.2231100e-14]]), 4: array([[ 4.6928150e-14, -9.7230000e-17, -3.5890150e-14, -8.8256100e-15,
        -1.3562600e-15, -1.0078000e-16],
       [-9.7230000e-17,  4.1629850e-14, -3.3641590e-14, -9.6929000e-16,
        -6.3598200e-15, -7.8160000e-17],
       [-3.5890150e-14, -3.3641590e-14,  2.7613357e-13, -4.7143630e-14,
        -4.5291500e-14, -4.6210730e-14],
       [-8.8256100e-15, -9.6929000e-16, -4.7143630e-14,  9.4516920e-14,
        -3.4071770e-14, -9.9365000e-16],
       [-1.3562600e-15, -6.3598200e-15, -4.5291500e-14, -3.4071770e-14,
         9.6076350e-14, -6.4363000e-15],
       [-1.0078000e-16, -7.8160000e-17, -4.6210730e-14, -9.9365000e-16,
        -6.4363000e-15,  5.4339170e-14]]), 5: array([[ 4.799929e-14, -9.661000e-17, -3.686949e-14, -8.920640e-15,
        -1.357090e-15, -1.001600e-16],
       [-9.661000e-17,  4.264145e-14, -3.444863e-14, -9.886500e-16,
        -6.542490e-15, -7.871000e-17],
       [-3.686949e-14, -3.444863e-14,  2.810324e-13, -4.784129e-14,
        -4.553437e-14, -4.837348e-14],
       [-8.920640e-15, -9.886500e-16, -4.784129e-14,  9.709389e-14,
        -3.578795e-14, -1.011650e-15],
       [-1.357090e-15, -6.542490e-15, -4.553437e-14, -3.578795e-14,
         9.837548e-14, -6.578480e-15],
       [-1.001600e-16, -7.871000e-17, -4.837348e-14, -1.011650e-15,
        -6.578480e-15,  5.666561e-14]]), 6: array([[ 4.8539360e-14, -9.5760000e-17, -3.7383280e-14, -8.9582000e-15,
        -1.3512300e-15, -9.9340000e-17],
       [-9.5760000e-17,  4.3084430e-14, -3.4872860e-14, -9.8707000e-16,
        -6.5660500e-15, -7.8390000e-17],
       [-3.7383280e-14, -3.4872860e-14,  2.8389743e-13, -4.8236740e-14,
        -4.5668490e-14, -4.9697770e-14],
       [-8.9582000e-15, -9.8707000e-16, -4.8236740e-14,  9.7850750e-14,
        -3.6109720e-14, -1.0119800e-15],
       [-1.3512300e-15, -6.5660500e-15, -4.5668490e-14, -3.6109720e-14,
         9.8885760e-14, -6.6172200e-15],
       [-9.9340000e-17, -7.8390000e-17, -4.9697770e-14, -1.0119800e-15,
        -6.6172200e-15,  5.8026390e-14]]), 7: array([[ 4.9242360e-14, -9.5890000e-17, -3.8008030e-14, -9.0281200e-15,
        -1.3570900e-15, -9.9280000e-17],
       [-9.5890000e-17,  4.3656180e-14, -3.5290310e-14, -9.9370000e-16,
        -6.7114100e-15, -7.8420000e-17],
       [-3.8008030e-14, -3.5290310e-14,  2.8636669e-13, -4.8534270e-14,
        -4.5850870e-14, -5.0669740e-14],
       [-9.0281200e-15, -9.9370000e-16, -4.8534270e-14,  9.9132730e-14,
        -3.6997060e-14, -1.0161100e-15],
       [-1.3570900e-15, -6.7114100e-15, -4.5850870e-14, -3.6997060e-14,
         1.0024896e-13, -6.7451200e-15],
       [-9.9280000e-17, -7.8420000e-17, -5.0669740e-14, -1.0161100e-15,
        -6.7451200e-15,  5.9131500e-14]]), 8: array([[ 4.9708520e-14, -9.6140000e-17, -3.8378790e-14, -9.1177600e-15,
        -1.3602800e-15, -9.9450000e-17],
       [-9.6140000e-17,  4.4016960e-14, -3.5628290e-14, -9.9477000e-16,
        -6.7309300e-15, -7.8690000e-17],
       [-3.8378790e-14, -3.5628290e-14,  2.8793009e-13, -4.8672770e-14,
        -4.5888480e-14, -5.1388170e-14],
       [-9.1177600e-15, -9.9477000e-16, -4.8672770e-14,  9.9572020e-14,
        -3.7196170e-14, -1.0175900e-15],
       [-1.3602800e-15, -6.7309300e-15, -4.5888480e-14, -3.7196170e-14,
         1.0053245e-13, -6.7627900e-15],
       [-9.9450000e-17, -7.8690000e-17, -5.1388170e-14, -1.0175900e-15,
        -6.7627900e-15,  5.9871270e-14]]), 9: array([[ 5.0199490e-14, -9.5810000e-17, -3.8847980e-14, -9.1420700e-15,
        -1.3583400e-15, -9.9220000e-17],
       [-9.5810000e-17,  4.4538400e-14, -3.6112080e-14, -9.9582000e-16,
        -6.7679000e-15, -7.8470000e-17],
       [-3.8847980e-14, -3.6112080e-14,  2.8979874e-13, -4.8882240e-14,
        -4.5947900e-14, -5.2022480e-14],
       [-9.1420700e-15, -9.9582000e-16, -4.8882240e-14,  1.0021583e-13,
        -3.7596750e-14, -1.0196000e-15],
       [-1.3583400e-15, -6.7679000e-15, -4.5947900e-14, -3.7596750e-14,
         1.0107509e-13, -6.8082200e-15],
       [-9.9220000e-17, -7.8470000e-17, -5.2022480e-14, -1.0196000e-15,
        -6.8082200e-15,  6.0553010e-14]]), 10: array([[ 5.0508490e-14, -9.6010000e-17, -3.9123370e-14, -9.1720800e-15,
        -1.3605200e-15, -9.9430000e-17],
       [-9.6010000e-17,  4.4815500e-14, -3.6348420e-14, -9.9756000e-16,
        -6.8062200e-15, -7.8550000e-17],
       [-3.9123370e-14, -3.6348420e-14,  2.9097397e-13, -4.8965400e-14,
        -4.5999380e-14, -5.2537650e-14],
       [-9.1720800e-15, -9.9756000e-16, -4.8965400e-14,  1.0045098e-13,
        -3.7712190e-14, -1.0215900e-15],
       [-1.3605200e-15, -6.8062200e-15, -4.5999380e-14, -3.7712190e-14,
         1.0132182e-13, -6.8457700e-15],
       [-9.9430000e-17, -7.8550000e-17, -5.2537650e-14, -1.0215900e-15,
        -6.8457700e-15,  6.1108490e-14]]), 11: array([[ 5.0787750e-14, -9.6330000e-17, -3.9358640e-14, -9.2109200e-15,
        -1.3633600e-15, -9.9620000e-17],
       [-9.6330000e-17,  4.5053440e-14, -3.6551630e-14, -1.0002700e-15,
        -6.8356100e-15, -7.8910000e-17],
       [-3.9358640e-14, -3.6551630e-14,  2.9176093e-13, -4.9019030e-14,
        -4.6012280e-14, -5.2834470e-14],
       [-9.2109200e-15, -1.0002700e-15, -4.9019030e-14,  1.0068381e-13,
        -3.7843780e-14, -1.0229200e-15],
       [-1.3633600e-15, -6.8356100e-15, -4.6012280e-14, -3.7843780e-14,
         1.0152613e-13, -6.8682700e-15],
       [-9.9620000e-17, -7.8910000e-17, -5.2834470e-14, -1.0229200e-15,
        -6.8682700e-15,  6.1430920e-14]])}","          fQ          EC       EJ  ...                                         chi_in_MHz    χr MHz     gr MHz
1   5.561248  319.564929  13.6163  ...  [-0.43329429654379287, -5.378248421011754, -1....  0.433294  38.600342
2   5.490957  310.987542  13.6163  ...  [-0.44030132692121515, -3.9774683035544784, -1...  0.440301  41.075206
3    5.41544  301.921393  13.6163  ...  [-0.3778615648511786, -2.962849792796094, -1.0...  0.377862  40.265462
4    5.36653  296.131423  13.6163  ...  [-0.3494055620245495, -2.661300213335095, -0.8...  0.349406  40.131672
5   5.288775  287.058519  13.6163  ...  [-0.31347974911809734, -2.0841926027734954, -0...  0.313480  40.191439
6   5.271262  285.037239  13.6163  ...  [-0.30842660360097646, -1.9800377205445818, -0...  0.308427  40.362036
7   5.231774  280.509424  13.6163  ...  [-0.29684829352467273, -1.777902566592693, -0....  0.296848  40.706348
8   5.221947  279.388976  13.6163  ...  [-0.29368464411230005, -1.7567189682190807, -0...  0.293685  40.766082
9   5.204515  277.407876  13.6163  ...  [-0.2884783069998795, -1.6715090278188611, -0....  0.288478  40.893091
10  5.198327  276.706433  13.6163  ...  [-0.28834065746160137, -1.6519738031565958, -0...  0.288341  41.058060
11  5.192309   276.02536  13.6163  ...  [-0.28713439317036554, -1.6355257666654024, -0...  0.287134  41.142033

[11 rows x 9 columns]",True,11
5,30 um,550 um,90 um,"                                    coupler_long_pad_connector_pad_q0  ...  resonator_pad_connector_pad_q0
coupler_long_pad_connector_pad_q0                            50.74088  ...                        -0.08220
coupler_short_pad_connector_pad_q0                           -0.07882  ...                        -0.05047
ground_main_plane                                           -39.19702  ...                       -51.51898
pad_bot_q0                                                   -9.31711  ...                        -0.88503
pad_top_q0                                                   -1.41002  ...                        -6.42242
resonator_pad_connector_pad_q0                               -0.08220  ...                        59.42115

[6 rows x 6 columns]",4.98671458586945,253.32611023399022,13.616300010297985,-289.1687241004602,5.257343029022217,[-36.68781782  45.16344367 -32.43424515],[-0.17348193 -0.90387986 -0.33874329],"{1: array([[ 3.8811220e-14, -2.7590000e-17, -2.8281750e-14, -8.7465600e-15,
        -1.2238200e-15, -4.3730000e-17],
       [-2.7590000e-17,  3.1654720e-14, -2.6258830e-14,  0.0000000e+00,
        -5.3052100e-15,  0.0000000e+00],
       [-2.8281750e-14, -2.6258830e-14,  2.6058281e-13, -4.9357220e-14,
        -4.5745780e-14, -3.6012000e-14],
       [-8.7465600e-15,  0.0000000e+00, -4.9357220e-14,  9.5280700e-14,
        -3.4946750e-14, -3.6427000e-16],
       [-1.2238200e-15, -5.3052100e-15, -4.5745780e-14, -3.4946750e-14,
         9.4474330e-14, -5.1275900e-15],
       [-4.3730000e-17,  0.0000000e+00, -3.6012000e-14, -3.6427000e-16,
        -5.1275900e-15,  4.1853560e-14]]), 2: array([[ 4.1708710e-14, -7.8850000e-17, -3.1381380e-14, -8.4521600e-15,
        -1.1596500e-15, -8.2300000e-17],
       [-7.8850000e-17,  3.5677380e-14, -2.8510750e-14, -8.4311000e-16,
        -5.8333900e-15, -4.7640000e-17],
       [-3.1381380e-14, -2.8510750e-14,  2.7637711e-13, -5.1244260e-14,
        -4.9436230e-14, -4.0460020e-14],
       [-8.4521600e-15, -8.4311000e-16, -5.1244260e-14,  9.7915130e-14,
        -3.4271710e-14, -8.0081000e-16],
       [-1.1596500e-15, -5.8333900e-15, -4.9436230e-14, -3.4271710e-14,
         9.8798390e-14, -5.7867300e-15],
       [-8.2300000e-17, -4.7640000e-17, -4.0460020e-14, -8.0081000e-16,
        -5.7867300e-15,  4.7573310e-14]]), 3: array([[ 4.3971890e-14, -8.0620000e-17, -3.3114240e-14, -8.6741600e-15,
        -1.3717100e-15, -8.5090000e-17],
       [-8.0620000e-17,  3.7711280e-14, -3.0411960e-14, -8.4918000e-16,
        -5.9066900e-15, -5.2290000e-17],
       [-3.3114240e-14, -3.0411960e-14,  2.7807981e-13, -5.2313000e-14,
        -5.0075430e-14, -4.4277740e-14],
       [-8.6741600e-15, -8.4918000e-16, -5.2313000e-14,  1.0201477e-13,
        -3.6673820e-14, -8.9290000e-16],
       [-1.3717100e-15, -5.9066900e-15, -5.0075430e-14, -3.6673820e-14,
         1.0247871e-13, -5.8029600e-15],
       [-8.5090000e-17, -5.2290000e-17, -4.4277740e-14, -8.9290000e-16,
        -5.8029600e-15,  5.1559400e-14]]), 4: array([[ 4.5854980e-14, -7.9680000e-17, -3.4610610e-14, -9.0284600e-15,
        -1.3985100e-15, -8.3030000e-17],
       [-7.9680000e-17,  4.0088980e-14, -3.2688320e-14, -8.4176000e-16,
        -6.0098100e-15, -5.0630000e-17],
       [-3.4610610e-14, -3.2688320e-14,  2.8627840e-13, -5.2833650e-14,
        -5.1149040e-14, -4.7239620e-14],
       [-9.0284600e-15, -8.4176000e-16, -5.2833650e-14,  1.0352668e-13,
        -3.7289690e-14, -8.6258000e-16],
       [-1.3985100e-15, -6.0098100e-15, -5.1149040e-14, -3.7289690e-14,
         1.0452187e-13, -5.9369900e-15],
       [-8.3030000e-17, -5.0630000e-17, -4.7239620e-14, -8.6258000e-16,
        -5.9369900e-15,  5.4627060e-14]]), 5: array([[ 4.7426540e-14, -7.9140000e-17, -3.6129800e-14, -9.0820600e-15,
        -1.4006000e-15, -8.2630000e-17],
       [-7.9140000e-17,  4.0812310e-14, -3.3281470e-14, -8.5531000e-16,
        -6.1244000e-15, -5.0840000e-17],
       [-3.6129800e-14, -3.3281470e-14,  2.9060338e-13, -5.3877080e-14,
        -5.1403810e-14, -4.8157150e-14],
       [-9.0820600e-15, -8.5531000e-16, -5.3877080e-14,  1.0661023e-13,
        -3.9206720e-14, -8.8165000e-16],
       [-1.4006000e-15, -6.1244000e-15, -5.1403810e-14, -3.9206720e-14,
         1.0703851e-13, -6.1430900e-15],
       [-8.2630000e-17, -5.0840000e-17, -4.8157150e-14, -8.8165000e-16,
        -6.1430900e-15,  5.5774010e-14]]), 6: array([[ 4.8410640e-14, -7.8390000e-17, -3.7122000e-14, -9.0843800e-15,
        -1.3957300e-15, -8.1850000e-17],
       [-7.8390000e-17,  4.1147420e-14, -3.3574370e-14, -8.5234000e-16,
        -6.1721800e-15, -5.0340000e-17],
       [-3.7122000e-14, -3.3574370e-14,  2.9331740e-13, -5.4108680e-14,
        -5.1662180e-14, -4.9016000e-14],
       [-9.0843800e-15, -8.5234000e-16, -5.4108680e-14,  1.0715756e-13,
        -3.9528890e-14, -8.7824000e-16],
       [-1.3957300e-15, -6.1721800e-15, -5.1662180e-14, -3.9528890e-14,
         1.0769749e-13, -6.1789400e-15],
       [-8.1850000e-17, -5.0340000e-17, -4.9016000e-14, -8.7824000e-16,
        -6.1789400e-15,  5.6661970e-14]]), 7: array([[ 4.9105880e-14, -7.8520000e-17, -3.7750060e-14, -9.1416900e-15,
        -1.4026600e-15, -8.1860000e-17],
       [-7.8520000e-17,  4.1767210e-14, -3.4096050e-14, -8.5702000e-16,
        -6.2637500e-15, -5.0380000e-17],
       [-3.7750060e-14, -3.4096050e-14,  2.9571411e-13, -5.4501600e-14,
        -5.1894860e-14, -4.9668130e-14],
       [-9.1416900e-15, -8.5702000e-16, -5.4501600e-14,  1.0859454e-13,
        -4.0492280e-14, -8.7996000e-16],
       [-1.4026600e-15, -6.2637500e-15, -5.1894860e-14, -4.0492280e-14,
         1.0912406e-13, -6.2930600e-15],
       [-8.1860000e-17, -5.0380000e-17, -4.9668130e-14, -8.7996000e-16,
        -6.2930600e-15,  5.7431760e-14]]), 8: array([[ 4.9588590e-14, -7.8570000e-17, -3.8152770e-14, -9.2170700e-15,
        -1.4053400e-15, -8.2010000e-17],
       [-7.8570000e-17,  4.2117820e-14, -3.4409020e-14, -8.5568000e-16,
        -6.3018600e-15, -5.0340000e-17],
       [-3.8152770e-14, -3.4409020e-14,  2.9710390e-13, -5.4622300e-14,
        -5.1977650e-14, -5.0171620e-14],
       [-9.2170700e-15, -8.5568000e-16, -5.4622300e-14,  1.0897135e-13,
        -4.0666510e-14, -8.8202000e-16],
       [-1.4053400e-15, -6.3018600e-15, -5.1977650e-14, -4.0666510e-14,
         1.0945732e-13, -6.3232200e-15],
       [-8.2010000e-17, -5.0340000e-17, -5.0171620e-14, -8.8202000e-16,
        -6.3232200e-15,  5.7969420e-14]]), 9: array([[ 5.0147820e-14, -7.8490000e-17, -3.8674730e-14, -9.2555500e-15,
        -1.4042300e-15, -8.1850000e-17],
       [-7.8490000e-17,  4.2582000e-14, -3.4850490e-14, -8.5885000e-16,
        -6.3204500e-15, -5.0280000e-17],
       [-3.8674730e-14, -3.4850490e-14,  2.9889059e-13, -5.4865840e-14,
        -5.2009010e-14, -5.0715650e-14],
       [-9.2555500e-15, -8.5885000e-16, -5.4865840e-14,  1.0976125e-13,
        -4.1161880e-14, -8.8305000e-16],
       [-1.4042300e-15, -6.3204500e-15, -5.2009010e-14, -4.1161880e-14,
         1.1003484e-13, -6.3527800e-15],
       [-8.1850000e-17, -5.0280000e-17, -5.0715650e-14, -8.8305000e-16,
        -6.3527800e-15,  5.8544360e-14]]), 10: array([[ 5.0462230e-14, -7.8670000e-17, -3.8960510e-14, -9.2796300e-15,
        -1.4071700e-15, -8.2030000e-17],
       [-7.8670000e-17,  4.2881280e-14, -3.5113950e-14, -8.5966000e-16,
        -6.3549100e-15, -5.0290000e-17],
       [-3.8960510e-14, -3.5113950e-14,  3.0006961e-13, -5.4913200e-14,
        -5.2081860e-14, -5.1209870e-14],
       [-9.2796300e-15, -8.5966000e-16, -5.4913200e-14,  1.0991433e-13,
        -4.1240500e-14, -8.8452000e-16],
       [-1.4071700e-15, -6.3549100e-15, -5.2081860e-14, -4.1240500e-14,
         1.1026247e-13, -6.3897200e-15],
       [-8.2030000e-17, -5.0290000e-17, -5.1209870e-14, -8.8452000e-16,
        -6.3897200e-15,  5.9077540e-14]]), 11: array([[ 5.0740880e-14, -7.8820000e-17, -3.9197020e-14, -9.3171100e-15,
        -1.4100200e-15, -8.2200000e-17],
       [-7.8820000e-17,  4.3079530e-14, -3.5280150e-14, -8.6001000e-16,
        -6.3853100e-15, -5.0470000e-17],
       [-3.9197020e-14, -3.5280150e-14,  3.0092092e-13, -5.4994680e-14,
        -5.2150540e-14, -5.1518980e-14],
       [-9.3171100e-15, -8.6001000e-16, -5.4994680e-14,  1.1015477e-13,
        -4.1357510e-14, -8.8503000e-16],
       [-1.4100200e-15, -6.3853100e-15, -5.2150540e-14, -4.1357510e-14,
         1.1051954e-13, -6.4224200e-15],
       [-8.2200000e-17, -5.0470000e-17, -5.1518980e-14, -8.8503000e-16,
        -6.4224200e-15,  5.9421150e-14]])}","          fQ          EC       EJ  ...                                         chi_in_MHz    χr MHz     gr MHz
1   5.347368  293.880536  13.6163  ...  [-0.2725418966399679, -2.380987889294185, -0.8...  0.272542  35.938705
2   5.300552  288.422369  13.6163  ...  [-0.2603829422591863, -1.995153347779582, -0.6...  0.260383  36.325210
3   5.193372  276.145668  13.6163  ...  [-0.20506130836008804, -1.408544534716598, -0....  0.205061  34.743015
4   5.153536  271.659976  13.6163  ...  [-0.20011395152497202, -1.376583508217192, -0....  0.200114  35.268697
5   5.075644  263.009319  13.6163  ...  [-0.18637875843406387, -1.0971249916473527, -0...  0.186379  35.866787
6   5.060681  261.365652  13.6163  ...  [-0.18324306308105673, -1.0554626113229852, -0...  0.183243  35.918869
7   5.022878   257.23903  13.6163  ...  [-0.1774072074574052, -0.9607025507637341, -0....  0.177407  36.234355
8   5.014664  256.347301  13.6163  ...  [-0.17653481171465166, -0.9557005719187696, -0...  0.176535  36.340307
9   4.996411  254.371964  13.6163  ...  [-0.17282802270675518, -0.9137420688939425, -0...  0.172828  36.388143
10  4.992278  253.925879  13.6163  ...  [-0.17340449563501675, -0.9095860315079923, -0...  0.173404  36.547067
11  4.986715   253.32611  13.6163  ...  [-0.17348192819109493, -0.9038798606714836, -0...  0.173482  36.687818

[11 rows x 9 columns]",True,11
